job_url,site,title,company,location,job_type,date_posted,interval,min_amount,max_amount,currency,is_remote,num_urgent_words,benefits,emails,description
https://id.indeed.com/viewjob?jk=1047ea94b0b23520,indeed,User Interface Designer,PT Telkomsel Ekosistem Digital,"Jakarta, JK, Indonesia",internship,2023-11-07,,,,,False,0,,,"Collaborate with product managers, developers, and other stakeholders to understand business requirements and user needs. Expertise in design tools such Figma."
https://id.indeed.com/viewjob?jk=09a084caeb2fa853,indeed,User Experience Designer,PT. Wesclic Indonesia Neotech,"Bantul, YO, Indonesia",internship,2023-10-31,,,,,False,0,,,Able to create user interface designs with good user experience. Have knowledge of phototyping software such as Invision or MarvelApp.
https://id.indeed.com/viewjob?jk=92371c3e27bd28f2,indeed,User Interface Designer,S16 Research Ventures,"Jakarta, JK, Indonesia",internship,2023-11-06,,,,,False,0,,,"Assist Product Lead with user research, including conducting interviews, surveys, and usability testing. Design user interfaces and user experiences for Web3…"
https://id.indeed.com/viewjob?jk=bcc5c13d23dda9a5,indeed,User Experience Designer,Idea Imaji,"Bandung, JB, Indonesia","fulltime, internship",2023-11-06,,,,,False,0,,,Working closely with product developer and engineers to co-create and validate design concepts on the feasibility as they build and ship ideas.
https://id.indeed.com/viewjob?jk=1b1c0ade0c050dac,indeed,User Interface Designer,PT. SINARI GENERASI INDONESIA,"Tangerang, BT, Indonesia",fulltime,2023-11-01,monthly,5000000,8000000,IDR,False,0,,,"Analyzing and actively discussing project requirements. Create wireframes, prototypes, and final designs for web and mobile that effectively communicate design…"
https://id.indeed.com/viewjob?jk=731470d5473af95d,indeed,User Interface Designer,FINNS Beach Club,"Badung, BA, Indonesia",fulltime,2023-11-07,monthly,8000000,-1,IDR,False,0,,,Analyzing and actively discussing project requirements. Produce high-fidelity UI prototypes throughout the entire design process.
https://id.indeed.com/viewjob?jk=d9365d0cc8a9e4e2,indeed,User Interface Designer,Alegrium,"Jakarta, JK, Indonesia",internship,2023-10-16,,,,,False,0,,,"Creating the visual and interactive elements in video games, ensuring they are user-friendly, engaging, and visually appealing while supervised by the their…"
https://id.indeed.com/viewjob?jk=c4df3c8b61453a77,indeed,User Experience Designer,Allianz Indonesia,"Jakarta, JK, Indonesia",fulltime,2023-10-17,,,,,False,0,,,"Translate accurate visualizations from design concepts based on communicated requirements. Execute sketch, prototypes, visualisations, and mock-ups design…"
https://id.indeed.com/viewjob?jk=c5fa34e8d3fbb2b5,indeed,Desainer Produk,MSBU Tech Staffing and Recruiting,"Jakarta, JK, Indonesia","fulltime, contract",2023-10-11,,,,,False,0,,,Berpengalaman dalam liquid design dan responsive design. Berpengalaman dengan Adobe Illustrator dan UI/UX. Berpengalaman mengembangan cross browser.
https://id.indeed.com/viewjob?jk=6268a2c3552f3141,indeed,User Interface Designer,KST,"Jakarta, JK, Indonesia",fulltime,2023-10-27,,,,,False,0,,,"Design web and mobile application experiences that are simple, clean, and attractive. Conduct research on design best practices and current trends, and execute…"
https://id.indeed.com/viewjob?jk=f3c2a4cab55b97b6,indeed,User Interface Designer,Wowrack,"JI, Indonesia",,2023-08-23,,,,,False,0,,,"UI/UX Designer will be responsible for gathering user requirements, designing graphic elements and building navigation components."
https://id.indeed.com/viewjob?jk=af523f1f07c2297d,indeed,Bithealth Gradxpert Academy 2024,PT. BitHealth Teknologi Pintar,"Tangerang, BT, Indonesia",,2023-10-24,,,,,False,0,,,"5 months on-the-job training. Bachelor's degree with a minimum GPA of 3.25 from Tech-related major, with no more than a year of full-time working experience in…"
https://id.indeed.com/viewjob?jk=2c69d93826bada53,indeed,User Interface Designer,Serasi Autoraya,"Jakarta, JK, Indonesia",fulltime,2023-10-31,,,,,False,0,,,"Design user interfaces, wireframes, web page layouts, and visual designs from sketches to html/cdd/js. Optimize website design to increase its functionality and…"
https://id.indeed.com/viewjob?jk=8e531cb7b28ff31f,indeed,User Interface Designer,Alegrium,"Jakarta, JK, Indonesia",internship,2023-10-16,,,,,False,0,,,"Responsible for creating the visual and interactive elements in video games, ensuring they are user-friendly, engaging, and visually appealing while supervised…"
https://id.indeed.com/viewjob?jk=4c47421b41251555,indeed,User Interface Designer,High and Low Headhunters,"Badung, BA, Indonesia",fulltime,2023-10-09,,,,,False,0,,,The ideal candidate is responsible for designing the user interface and enhancing the overall user experience of our digital products.
https://id.indeed.com/viewjob?jk=0c267efbfbdaa97e,indeed,User Interface Designer,Kasual,"Jakarta, JK, Indonesia",internship,2023-08-25,,,,,False,0,,,"To be successful in this role, you should have experience with design software and wireframe tools. Translate research findings and user pain points into simple…"
https://id.indeed.com/viewjob?jk=1359414b1a201859,indeed,Graphic Designer,VOXLAB,"Denpasar, BA, Indonesia",fulltime,2023-09-14,,,,,False,0,,,"Develop graphics for social media platforms. Develop and design logos, icons, and other branding materials for projects."
https://id.indeed.com/viewjob?jk=ea8f8884cbdf9d3c,indeed,User Interface Designer,PT Teknologi Kuliner Kekinian (Runchise),"Jakarta, JK, Indonesia",fulltime,2023-07-31,,,,,False,0,,,"Create user-centered designs by understanding business requirements, the voice of the customer, user journeys, customer feedback, and usability findings."
https://id.indeed.com/viewjob?jk=8387fce041cafb82,indeed,User Experience Designer,vascomm,Indonesia,,2023-06-14,,,,,False,0,,,Vascomm also working in the field of Internet of Things (IoT) to develop future technology like smart homes/offices and smart cities.
https://id.indeed.com/viewjob?jk=00fc863ecda5e51e,indeed,User Interface Designer,The iirth Company,"Jakarta, JK, Indonesia",fulltime,2023-10-31,monthly,18500000,-1,IDR,False,0,,,This role is responsible for only designing responsive websites and occasionally applications or dashboards. The ideal candidate loves working with a variety of…
https://id.indeed.com/viewjob?jk=b41f4f4790de2420,indeed,User Interface Designer,Timedoor,"Denpasar, BA, Indonesia",parttime,2023-08-22,,,,,False,0,,,"As an intern, you will have the opportunity to work on real projects, collaborate with experienced designers, and gain valuable hands-on experience in the field…"
https://id.indeed.com/viewjob?jk=1a06dc905d95c9ae,indeed,User Experience Designer,Cashlez,"Jakarta, JK, Indonesia",,2021-10-04,,,,,False,0,,,"Ability to discuss and explain design options. Problem solver and customer-centered. Knowledge of Adobe range of products including Photoshop, Illustrator."
https://id.indeed.com/viewjob?jk=a503d03d388b7750,indeed,User Interface Designer,"DOKU, PT NUSA SATU INTI ARTHA","Jakarta, JK, Indonesia",fulltime,2023-08-30,,,,,False,0,,,"Conduct user research and gather insights to understand user needs, pain points, and preferences. Analyze competitor products and industry trends to inform your…"
https://id.indeed.com/viewjob?jk=ecb2d7167aac2478,indeed,User Interface Designer,Asani,"Jakarta, JK, Indonesia",fulltime,2023-09-13,,,,,False,0,,,"Conduct user research, usability testing, and gather feedback to inform design decisions. Develop and maintain user personas and journey maps."
https://id.indeed.com/viewjob?jk=5a861b34614e7952,indeed,User Experience Designer,PT Bank BTPN Tbk,"Jakarta, JK, Indonesia",fulltime,2023-05-31,,,,,False,0,,,"Collaborate with product management and engineering team to define and implement innovative solutions for the product direction, visuals and experience."
https://id.indeed.com/viewjob?jk=4bc7e29f3fed4546,indeed,User Interface Designer,Upscalix Pty Ltd,"Semarang, JT, Indonesia",fulltime,2023-10-08,monthly,4000000,6500000,IDR,False,0,,,"Currently, we are looking for a UI/UX Designer who will be responsible for the user experience (UX) and user interface (UI) design of our various digital…"
https://id.indeed.com/viewjob?jk=4073c49f1c746ae6,indeed,Ui/ux Dmo - Jakarta,PT. Infomedia Nusantara,"Jakarta, JK, Indonesia",fulltime,2023-10-02,,,,,False,0,,,"Membuat konsep, gambar rangka, & prototipe yang berfokus pada pengguna. Fresh Graduate atau pengalaman pada bidang yang sama."
https://id.indeed.com/viewjob?jk=86542d1f426d5a24,indeed,User Interface Designer,Tera Logistik Internasional,"Jakarta, JK, Indonesia",,2022-02-14,,,,,False,0,,,"Bachelor’s Degree in design or related fields from reputable university. Proficiency in Photoshop, Illustrator, CorelDraw, or other visual design tools."
https://id.indeed.com/viewjob?jk=f2ed8ef120308d8d,indeed,Ui/ux,Bank Bumi Arta,"Jakarta, JK, Indonesia",fulltime,2022-05-04,,,,,False,0,,,"Mampu bekerja secara individual maupun tim. Menguasai Java, Database SQL, Postgre, Oracle lebih disukai. Jujur dan mampu bekerja di bawah tekanan."
https://id.indeed.com/viewjob?jk=d959680e7c2d4de8,indeed,User Experience Designer,Alterra,"Malang, JI, Indonesia",,2023-08-07,,,,,False,0,,,"This role is responsible as coding instructor’s concern in academic process based on academic needs analyze, curriculum design, implement learning process and…"
https://id.indeed.com/viewjob?jk=e61bb6d319be6383,indeed,User Interface Designer,SALT,"Jakarta, JK, Indonesia",fulltime,2023-08-24,monthly,8000000,-1,IDR,False,0,,,"Candidate must possess at least a Bachelor's Degree in Visual Communication Design (preferable), Product Design, IT or SI or equivalent."
https://id.indeed.com/viewjob?jk=cc51b0edf0a0fa27,indeed,Front End Developer,MS Capital Group,Indonesia,,2023-10-26,,,,,False,0,,,We are seeking a highly skilled and experienced UI/UX Manager to join our remote team in Indonesia and lead the design and user experience aspects of our…
https://id.indeed.com/viewjob?jk=6cfca0671b722c20,indeed,User Interface Designer,Weekend Inc,"Jakarta, JK, Indonesia",,2018-10-16,,,,,False,0,,,Working with clients & developers to design great products with awesome UI & UX. Minimum age 18 years old. Familiar with Sketch and Adobe Photoshop.
https://id.indeed.com/viewjob?jk=fb8a75ecf8aa4c19,indeed,User Interface Designer,1001malam.com,"Surabaya, JI, Indonesia",,2020-11-03,,,,,False,0,,,"Develop and improve user interface and user experience to all our products and features. Participate in the development process, from design, build, test, and…"
https://id.indeed.com/viewjob?jk=608c3a97d62e5c8c,indeed,Design,Indomaret,"Jakarta, JK, Indonesia",,2022-06-21,,,,,False,0,,,Bertanggung jawab untuk menciptakan pengalaman yang optimal bagi pengguna saat mereka berinteraksi dengan produk digital suatu perusahaan seperti aplikasi dan…
https://id.indeed.com/viewjob?jk=d3872668711535d7,indeed,User Interface Designer,Talentvis,Indonesia,fulltime,2021-04-30,,,,,False,0,,,"Apr 30, 2021, 6:41:12 PM - 2 years ago. Min 3 years Proven experience as a UX Designer. Strong portfolio of software design projects."
https://id.indeed.com/viewjob?jk=a26e9c4573a74af1,indeed,Senior User Interface Designer,INFUSEmedia,"Jakarta, JK, Indonesia",,2023-11-02,,,,,False,0,,,"Your primary role will be to research and design usable web and mobile interfaces, perform usability testing, and create prototypes to validate design concepts."
https://id.indeed.com/viewjob?jk=cd49f986440cec90,indeed,User Interface Designer,Nukegraphic,"Jakarta, JK, Indonesia",,2020-07-10,,,,,False,0,,,"Working together in web development life cycles with clients, front-end developers, web programmers, and the rest of development teams to create responsive web…"
https://id.indeed.com/viewjob?jk=319755ac63e2b36f,indeed,Ui Designer,PT Neural Technologies Indonesia,"Jakarta, JK, Indonesia",,2023-06-12,,,,,False,0,,,Bertanggung jawab dalam end-to-end product design process. Memiliki ketertarikan terhadap Design Grafis. Terbiasa dalam Design Grafis & Programming.
https://id.indeed.com/viewjob?jk=382d1265af0dcd62,indeed,User Experience Designer,Mobbin,"Jakarta, JK, Indonesia",contract,2023-09-04,,,,,False,0,,,"Our team of analysts meticulously organizes and tags them by hand, ensuring that our users have access to the most comprehensive references."
https://www.linkedin.com/jobs/view/3760098810,linkedin,UI/UX Designer for US Based CRO Agency (Remote),Paired,,fulltime,,,,,,,0,,,"Paired is a global staffing and recruiting agency that pairs remote work with top-tier talent. We help individuals from around the world connect with great companies that are looking for their specific skill set. Our mission is to provide great jobs to talented people, no matter where they are located.Our client is a Conversion Rate Optimizer (CRO) agency that specializes in serving eCommerce Brands. The client is looking to hire a UI/UX Designer with experience in optimizing conversion rates. The role will mainly involve designing conversion focus sections, working with another team member, and adapting the design to the client's branding guidelines.Main Responsibilities:Collaborate with the CRO specialist and CEO to turn test ideas into the perfect designsAdapt to client brand guidelines, ensuring designs are consistent and on-brandDesign specific site sections such as cart drawers, product pages above the fold, featured testimonials, upsell and add-ons, free gift sections on product pages, homepage hero sections, and moreDesign top-tier landing pages that drive conversions. Understand and design various landing pages, including pre-sell pages like listicles, advertorials, quizzes, and direct sales pages like individual product pages and direct response landing pagesEdit product images, create product visuals with USPs, and design comparison charts or other essential graphicsRequirementsHaving a minimum of 2 years of related experience either in UI/UX or Conversion optimization roleKeep up with the recent design trends Proficient in design tools such as Figma, etcCustomer Focus Mindset, design for the customer's needs and wantsDetail-oriented and needs to design with purposeGreat Communication SkillsAble to work independently with minimum supervisionBenefitsRemote Working for US CompanyExposure to new technology & trendCompetitive Salary"
https://www.linkedin.com/jobs/view/3736373339,linkedin,Ui/ux Designer (intern),Kawan Lama Group,,fulltime,2023-10-12,,,,,,0,Actively Hiring,,"Gambaran PekerjaanSebagai UI/UX Designer (Intern), Anda akan bertanggung jawab dalam membuat desain tampilan website dan aplikasi lebih menarik, melakukan koordinasi dengan tim teknis terkait sistem produk yang akan dibuat serta berkoordinasi dengan tim frontend dan backend terkait desain website dan aplikasi.Kualifikasi Mahasiswa jurusan Ilmu Komputer atau Teknologi Informasi. Skill yang Dibutuhkan UX Writing/Writer Creating Desain Creating Wireframe dan prototype User Testing"
https://www.linkedin.com/jobs/view/3727281336,linkedin,UI/UX DMO - Jakarta,PT. INFOMEDIA NUSANTARA,,fulltime,2023-10-03,,,,,,0,,,"Company Description: PT Infomedia Nusantara merupakan subsidiary PT Telkom Indonesia yang memfokuskan bisnisnya pada penyediaan solusi Business Process Outsourcing (BPO) melalui 2 portofolio bisnis, yaitu: Customer Relationship Management (CRM) dan Shared Service Operation (SSO). Hingga saat ini, kami telah mengelola proses bisnis dari 600 lebih perusahaan dari berbagai segmen industri. Dalam perjalanan bisnisnya, Infomedia menguasai 53% market share contact center, yang terus dikembangkan dengan mengadopsi teknologi digital terdepan untuk memastikan experience terbaik bagi pelanggan. Job Description: Membuat visual design yang sangat menarik dari wireframe yang telah dibuat untuk mobile app/website Membuat konsep, gambar rangka, & prototipe yang berfokus pada pengguna Membuat style guide & assets creation"
https://www.linkedin.com/jobs/view/3737041191,linkedin,UI/UX Designer (Exclusive Remote Talent Pool),Paired,,fulltime,2023-10-10,,,,,,0,,,"Paired is a global staffing and recruiting agency that specializes in pairing remote work with top-tier talent. We help individuals from around the world connect with great companies that are looking for their specific skill set. Our mission is to provide great jobs to talented people, no matter where they are located.We're seeking a highly-skilled UI/UX Designer for our exclusive talent pool for our future roles. Our top priority is to find highly accountable talent who consistently follows through and hold themselves responsible for their work.RequirementsExperienced UI/UX Designer with a minimum of 3 years of experience with a strong portfolioExceptional organizational skills with attention to detailReliable, with a commitment to deliver high-quality work products in a timely mannerHigh level of accountability and responsibility, ensuring tasks are completed to the highest standardStrong communication skills in English both written and verbal, able to collaborate effectively in a remote, tight-knit teamBenefitsCompetitive salaryWork From HomeFlexible Hours"
https://www.linkedin.com/jobs/view/3592338605,linkedin,Product Designer,Indepay | Setara Networks,,fulltime,2023-04-04,,,,,,0,,,"Looking to take your design skills to the next level and make a real impact in the world? Come join us at Indepay | Setara Networks, where we're changing the game in the payment industry. Our goal is to make digital transactions fast, secure, and zero-fee.We’re not just building a payment platform, we’re creating a movement that empowers people to transact without worrying about fees and security concerns. As a problem solver, you’ll be at the forefront of this movement, defining what a great user experience looks and feels like.To help us achieve this mission, we're looking for a Product Designer who can define what a great payment experience feels like. As a strategic partner to our talented business and engineering leaders, you'll help us foster a customer-focused culture and scale our organization to new heightsThe ideal candidate has spent 1-2 years researching, designing, and executing experiences for Indonesian customers. You'll be equally skilled at tackling the human and software side of design and have experience setting up and scaling research and design practices. With great attention to detail, you'll ship delightful software experiences that customers will love.This is a rare opportunity to be one of the first designers at Indepay | Setara Networks and help shape the future of payment solutions in Indonesia. Don't miss out on the chance to be a game-changer in the industry. Apply now and let's revolutionize payments together!And in this we can simplify the way we try to abort the transactionResponsibilitiesSpecialize in one of our core product areas and work closely with engineers and product managers to define both the long-term strategy and the short-term tactics for that productWork closely with designers on your team to develop and expand product design systemsSometimes work on very broadly defined, loose concepts, and sometimes on narrowly defined, tactical deliverablesFocus on what you do best — whether that’s sketches, wireframes, prototypes, designs, or code—and you’ll have the opportunity to sharpen the skills you’re looking to developWork in a highly collaborative fashion with the design, product, and project teamsPartner closely with user researchers, content designers, brand designers, and other disciplinesParticipate in design reviews and share your work regularly with thedesign and company leadershipRequirementsCan reduce complex challenges down to the right balance of flexibility, power, and ease of useHas experience designing for both business and consumer-focused productsHas a high quality bar, attention to detail, and helps teams deliver high quality polished experiencesIs skilled in explaining their work, process, and decisions to cross-functional stakeholders and who craves feedback to help produce the best workIs an expert in either UI, UX, or visual design, but is skilled in more disciplines across product designThinks in systems and is able to extrapolate and extend shared patterns and behaviorsHas 1+ years relevant product design experienceFamiliarity with front-end development and payment application and/or e-commerce platformsBenefitsCompetitive salaries and generous benefitsOpportunity to work alongside passionate and talented individualsEntrepreneurship culture with a focus on creating a budding ground for future entrepreneursPerks and flexibility of a technology product company"
https://www.linkedin.com/jobs/view/3755103574,linkedin,UI/UX Product Designer for US Based Health-Tech Company,Paired,,fulltime,2023-10-31,,,,,,0,,,"Paired is a global staffing and recruiting agency that specializes in pairing remote work with top-tier talent. We help individuals from around the world connect with great companies that are looking for their specific skill set. Our mission is to provide great jobs to talented people, no matter where they are located.We are seeking a highly motivated and experienced Product UX/UI Designer for our Health-Tech Client. A Product UX/UI Designer is responsible for creating exceptional user experiences and visually appealing user interfaces for digital products, websites, and applications. The role involves understanding user needs, business requirements, and technological constraints to design intuitive, user-friendly interfaces. The Product UX/UI Designer collaborates closely with cross-functional teams, including product managers, developers, and stakeholders, to ensure the design solutions meet both user and business goals.Key Responsibilities:User Research and Analysis:Conduct user research to understand user behaviors, needs, and motivationsAnalyze user data and feedback to inform design decisionsInformation Architecture:Develop site maps, user flows, and wireframes to outline the structure and flow of digital productsEnsure intuitive navigation and seamless user journeysInteraction Design:Create interactive prototypes and high-fidelity mockupsDesign intuitive and responsive user interactions and animationsVisual Design:Develop visually appealing user interfaces, incorporating branding elements and design patternsChoose appropriate color schemes, typography, and iconography for the best user experienceUsability Testing:Conduct usability testing sessions to gather feedback on designsIterate on designs based on user testing results and feedbackCollaboration:Work closely with product managers, developers, and other stakeholders to understand project requirements and constraintsCollaborate with developers to ensure the feasibility of design solutions and their successful implementationDocumentation:Create detailed design specifications and guidelines for developersMaintain design documentation and version controlRequirementsBachelor's degree in Graphic Design, Interaction Design, Human-Computer Interaction, or related field (Master's degree preferred)Proven experience as a UX/UI Designer with a strong portfolio showcasing innovative design solutionsProficiency in design tools such as Adobe XD, Sketch, Figma, or similarStrong understanding of user-centered design principles and usabilityExperience with user research methodologies and usability testingKnowledge of front-end technologies (HTML, CSS, JavaScript) and their impact on design implementationExcellent communication and collaboration skillsAbility to work in a fast-paced, collaborative environment and manage multiple projects simultaneouslyBenefitsCompetitive salaryWork From HomeFlexible Hours"
https://www.linkedin.com/jobs/view/3695204478,linkedin,UI/UX Designer,NRI (Nomura Research Institute),,fulltime,2023-08-16,,,,,,0,,,"About Your Responsibilities For The RoleAnalyzing and actively discussing project requirements.Produce high-fidelity UI prototypes throughout the entire design process.Create any design materials needed for the product and actively collaborate with the engineering team.Write and manage technical documentation.Minimum QualificationsRequirements - What you need to have (minimum qualifications)Experience in end-to-end interface design in software/web technologies.String aesthetic, conceptual, and design communication skills.Highly skilled in visual design including UI, Icon, Illustration, and Prototyping across different platforms.Experience in building and implementing design systems.Proficient with design and prototyping software such as Sketch, XD, Figma, or Framer.Ability to effectively communicate problems and solutions to the different team members.Good cross-team collaboration and communication skills.Willingness to learn and adapt to different technologies.Preferred - What would make you stand out from the crowd (preferred qualifications)Experience in designing SaaS.Experienced in Agile/Scrum development.Able to conduct usability testing."
https://www.linkedin.com/jobs/view/3736042494,linkedin,UI/UX Designer,Ydigital Asia,,fulltime,2023-10-11,,,,,,0,Actively Hiring,,"Key ResponsibilitiesCollaborate with cross-functional teams to gather requirements and understand user needsDevelop wireframes, mockups, and prototypes to communicate design ideas effectivelyCreate intuitive and visually appealing user interfaces for web and mobile applicationsConduct user research and usability testing to identify areas for improvement Optimize designs based on user feedback and data analysisStay current with industry trends and best practices in UI/UX designQualifications RequiredBachelor's degree in Design, Computer Science, or related fieldProven experience as a UI/UX designer or similar roleProficient in design and prototyping tools such as Adobe XD or FigmaSolid understanding of user-centered design principles and processesStrong portfolio demonstrating a range of UI/UX design projectsExcellent communication and collaboration skillsAbility to work independently and manage multiple projects simultaneouslySkills Of The CandidateStrong visual design skills with an eye for detailKnowledge of responsive design principles, process and design systemExperience in end-to-end interface design in software/web technologies.Understanding of information architecture and interaction designProblem-solving and analytical thinking abilityCreativity and innovation in design solutionsTime management and organizational skillAble to conduct usability testing and user researchNoteMust attach portofolio during applicationHybrid working system with minimum 3 days Work from Office (WFO)"
https://www.linkedin.com/jobs/view/3716327202,linkedin,UI/X Designer,ION Mobility,,fulltime,2023-09-14,,,,,,0,,,"We are seeking a talented UI/X Designer to join our team. You will play a crucial role in shaping the user experience and visual design of our products, ensuring they are not only visually appealing but also intuitive and user-friendly.Responsibilities:Collaborating with cross-functional teams, including product managers and developers, to understand project requirements and user needs. Creating visually stunning and responsive user interfaces for our mobile applications, web, and HMI. Designing interactive prototypes and wireframes to communicate design concepts effectively. Conducting user research, usability testing, and gathering feedback to inform design decisions. Analyzing user journeys and workflows to improve overall user experiences. Iterating on designs based on user feedback and usability findings. Ensuring consistent branding and visual design across all platforms. Creating personas, user flows, and journey maps to guide the design process. Requirements:Bachelor's degree in Graphic Design or any related field and/or minimum of 3 years of proven experience in UI/UX design for web and mobile applications. Proficiency in design and prototyping tools such as Figma, Adobe XD, Sketch, or similar. Strong understanding of user-centered design principles and design thinking. Excellent visual design skills, including layout, color, and typography. Experience with user research, usability testing, and user-centered design methodologies. Strong problem-solving and communication skills. Ability to work collaboratively in a fast-paced, cross-functional environment. Knowledge of HTML, CSS, and/or JavaScript is a plus. Experience working in an EV (Electric Vehicle) project or company is a plus. About ION MobilityWe are pushing the frontiers of what is possible by developing desirable products as clean alternatives for urban users, to alleviate urban air pollution, and to lead the inevitable transition to EVs across Southeast Asia. Our team is constantly pushing the boundaries of innovation and design to create an electric riding experience that doesn't compromise on quality or style.Join the team to bring about the future of mobility with us today!"
https://www.linkedin.com/jobs/view/3727278920,linkedin,UI/UX CRM Product and Service Management,PT. INFOMEDIA NUSANTARA,,fulltime,2023-10-03,,,,,,0,,,"Company Description: PT Infomedia Nusantara merupakan subsidiary PT Telkom Indonesia yang memfokuskan bisnisnya pada penyediaan solusi Business Process Outsourcing (BPO) melalui 2 portofolio bisnis, yaitu: Customer Relationship Management (CRM) dan Shared Service Operation (SSO). Hingga saat ini, kami telah mengelola proses bisnis dari 600 lebih perusahaan dari berbagai segmen industri. Dalam perjalanan bisnisnya, Infomedia menguasai 53% market share contact center, yang terus dikembangkan dengan mengadopsi teknologi digital terdepan untuk memastikan experience terbaik bagi pelanggan. Job Description: Menciptakan konsep visual dan desain yang sesuai dengan identitas saluran (channel) dan memenuhi kebutuhan tim bisnis dan pemasaran Membuat dan mempromosikan template desain untuk banner dan branding di Saluran (Channel) serta membuat pedoman, praktik terbaik, dan standar Berkolaborasi dengan tim desain dari 3-6 negara berbeda untuk menyelaraskan konsistensi visual, mengkonseptualisasikan ide, dan manajemen kualitas Membuat wireframe dan storyboard Menggunakan pengetahuan desain UX untuk mengembangkan mock-up, model interaksi baru, dan skema navigasi Membangun dan memelihara sistem desain untuk disosialisasikan dengan berbagai tim desain"
https://www.linkedin.com/jobs/view/3736056363,linkedin,Front End Developer (intern),Kawan Lama Group,,,2023-10-11,,,,,,,Actively Hiring,,
https://www.linkedin.com/jobs/view/3667171446,linkedin,Freelance UI/UX Mentor,Alterra Indonesia,,parttime,2023-06-22,,,,,,0,,,"Responsibility12 week live teaching sessions (Online/Remote by Zoom or Gmeet), 3 sessions per week and 2 hours per session12 week live capstone project mentoring sessionWeekly meeting with Lead Mentor and Project Manager for evaluation and reportingAnswer student’s question from groupProvide student assessment and make student reportEach mentor will handle up to 20 participants to discuss and give the feedback of the assignment from participants.QualificationsAt least 2 years of UI/UX experience in Digital Environment (E-commerce, Web apps, Mobile Apps)Minimum Bachelor Degree from any majorStrong experience using tools such as Sketch and/or Figma, InVision and/or Marvel, Photoshop, Illustrator, etcExperience with different platforms supports: Web (Desktop + Mobile), Native (Mobile + Tablet)Experienced in managing a team and/or mentoring engineersExperience as UX Developer (HTML, CSS, and Bootstrap)Passionate about teaching, coaching, or mentoring others.Powered by JazzHRRFGVVwspsa"
https://www.linkedin.com/jobs/view/3727278922,linkedin,UI/UX Engineer,Zi.Care,,,2023-10-03,,,,,,,Actively Hiring,,
https://www.linkedin.com/jobs/view/3740819789,linkedin,UI/UX Specialist,Allianz Indonesia,,fulltime,2023-10-17,,,,,,0,,,"What You DoClarify the assigned design project scope, including its goals, requirements, and expectationsTranslate accurate visualizations from design concepts based on communicated requirementsExecute sketch, prototypes, visualisations, and mock-ups design needed by the engineers for developmentCreate visualisation of user journey using methods and tools such as userflow / storyboard / illustrationProduce the visual designs and test specifications for new visual ideas and participating in design researchConsolidate visual audit and/or visual research findings on competitors’ projects and market trends as part of report preparation to be circulated to relevant stakeholdersGenerate ideas for new visual design concepts and prototypesParticipate in design research and workshop activities for insights gatheringPrototype and test proposed design solutions and iterate based on the intended design specifications to ensure its readiness to be implemented for launch in its respective platformCommunicate outcomes of design tests and incorporate feedback from previous iterations of visual designs into subsequent mock-ups and future projects and design tasksConduct usability and concept testing of design prototypesRecommend refinements and iterations to design based on usability and concept testing results, including identifying potential big ideas for future improvementMonitor the quality of the visual user interaction and the design from success metric performance overtime, and provide actionable insights to improve product performanceWhat You BringBetween 1–3 years overall work experience as a hands-on Designer in the industry (education background could range from Visual Communication Design, Interaction Design, Product Design, Service Design, or any other relevant Digital Design disciplines; or Human-Computer Interaction, Computer Science, or other related field, with equivalent practical design experience).Portfolio that showcases visual design craft (and its application of visual communication design principles) with some level of understanding of the Human Centered Design methodology, willingness to learn and iterate, and passionate about design and storytelling.Experience working with web or mobile based technologies using design and prototyping tools (such as Figma, FigJam, Maze, Adobe Creative Cloud, etc.)Fluency in English communications (both verbal and written).A deep sense of accountability, adaptability, and embracing ambiguity working collaboratively in a fast-paced environment34250 | IT & Tech Engineering | Professional | Non-Executive | Allianz Indonesia | Full-Time | PermanentAllianz Group is one of the most trusted insurance and asset management companies in the world. Caring for our employees, their ambitions, dreams and challenges, is what makes us a unique employer. Together we can build an environment where everyone feels empowered and has the confidence to explore, to grow and to shape a better future for our customers and the world around us.We at Allianz believe in a diverse and inclusive workforce and are proud to be an equal opportunity employer. We encourage you to bring your whole self to work, no matter where you are from, what you look like, who you love or what you believe in.We therefore welcome applications regardless of ethnicity or cultural background, age, gender, nationality, religion, disability or sexual orientation.Join us. Let's care for tomorrow.Note: Diversity of minds is an integral part of Allianz’ company culture. One means to achieve diverse teams is a regular rotation of Allianz Executive employees across functions, Allianz entities and geographies. Therefore, the company encourages its employees to have motivation in gaining varied skills from different positions and to collect experiences from across Allianz Group."
https://www.linkedin.com/jobs/view/3757228259,linkedin,Product Designer,JULO,,fulltime,2023-11-06,,,,,,0,Actively Hiring,,"Skills Required for a Product Designer JobA bachelor's degree in design, computer science, or a related field is required.Work experience as a UI/UX designer or in a related role is required (min 2-3 years).Portfolio of work in UI/UX design for mobile or web platforms.Excellent knowledge of Sketch, Figma, iOS, Android, Adobe Creative Suite, and other software.Ability to work both in a team and independentlyGood english verbal and written communication abilitiesGreat time administrationGood teamwork attitudeProduct Designer Job ResponsibilitiesCollect and evaluate user requirements with the help of product managers, engineers & UX researchers.Use storyboards, process flows, and sitemaps to illustrate design concepts.Good experience working with design systems & guidelinesCreate UI mockups and prototypes that clearly show how the product work and look.Rough draughts should be prepared and presented to internal teams and key stakeholders.Identify and resolve UX issues.Make layout changes based on user feedback. Follow font, color, and design style guidelines.Day-to-day Responsibilities of a Product DesignerExamine previous design feedback and briefs for new projects, and collaborate with the team and other stake holders.Investigate various topics, from the web or mobile usage analytics to trend spotting. Examine what works and what doesn't with the users. Every piece of information that can aid in improving the product is critical.Can analyze questionnaire responses, field studies, interviews, and so on. They are in charge of figuring out how to understand the users.Use the insights as input for design decisions.Create the user experience and interface with the user's needs in mind.Conduct observational research by observing the interactions of sample users with the product. (Nice to have)Attend design and business strategy meetings and presentations."
https://www.linkedin.com/jobs/view/3714727280,linkedin,UI/UX Designer (Contract Based),Aleph-Labs,,,2023-08-16,,,,,,,Actively Hiring,,
https://www.linkedin.com/jobs/view/3646116579,linkedin,Junior Specialist Product Design,Prakerja,,,2023-06-01,,,,,,,,,
https://www.linkedin.com/jobs/view/3616350605,linkedin,UI/UX Designer (SaaS),Rimm Sustainability,,,2023-05-26,,,,,,,,,
https://www.linkedin.com/jobs/view/3707057605,linkedin,Multimedia Designer,StickEarn,,,2023-08-29,,,,,,,,,
https://www.linkedin.com/jobs/view/3676491011,linkedin,UI/UX Designer (SaaS),Snaphyre,,fulltime,2023-07-27,,,,,,0,,,"Our client is an intuitive yet comprehensive SaaS platform that provides all companies, whether big or small, with intelligent tools for highly accessible and impactful sustainability management, reporting,, and optimization. Created and led by experts, the platform revolves around inclusivity and accessibility, focusing on unlocking an open world where sustainability is no longer elusive to people.The RoleYou Will Be Responsible ForImplementing complex mobile and web applications for our internal product as well as for clientsUsing wireframes, storyboards, process flows, and sitemaps to illustrate and present design ideas.Prioritizing productivity and ease of use while building UI elements like menus, tabs, widgets, page navigation buttons, and search fields. Ensuring a standard is maintained when it comes to style, fonts, colors, and images. Collaborating with design teams and key stakeholders to understand the product before presenting solutions to improve the visual and interactive experience.Conducting regular research on user experience and staying on top of industry trends.Ideal ProfileYou have at least 5 years of experience in UI/UX Design roles, ideally with B2B SaaS productsYou have experience implementing complex mobile and web applicationsYou have hands-on experience working with Figma and other popular design tools.Prior experience working on sustainability products would be advantageous.Excellent communication and stakeholder management abilities are required to liaise with global cross-functional teamsDesign thinking and a passion for building winning products is what we are looking forYou are driven, detail-oriented professional who can work well in fast-paced environments.What's on Offer?Join a well-funded, fast-growing Sustainability SaaS startupOpportunity to work with an global, purpose-driven and ultra-dynamic teamCompetitive compensation"
https://www.linkedin.com/jobs/view/3743094288,linkedin,UI/UX Engineer (Placement: Pekanbaru),PT Sisindokom Lintasbuana,,,2023-10-26,,,,,,,Actively Hiring,,
https://www.linkedin.com/jobs/view/3654226069,linkedin,Product Advisor (Head / VP Level ) - Fintech - IC,Michael Page,,fulltime,2023-06-14,,,,,,0,Actively Hiring,,"Indonesia based, Multinational Company|Opportunity to rotate and get exposure on various Financial Services / Tech bizAbout Our ClientIndonesia based business/group with footprints and presence across the globe, diverse portfolios. But, this will be focusing more on the Financial Services and Fintech arms.Job DescriptionIdentify and explore problems to solve, enhancement opportunities, new revenue generator product creation or cross-sell potentials and translate this into strategic roadmap. Drive the roadmap implementation alongside with engineering team, UI UX, Data, Strategy, and Business team. Provide timely update on deliverables and project visibility. Set up success metrics and blue print for future iteration. The Successful Applicant7 years of working experience in Product Management. Have experience as VP / Head level in Fintech or FS company, but open to be an individual contributor. Strong people management skills, as you will still have to work as a leader, managing functional team. Excellent stakeholders management skills, ability to communicate the possible and the impossible through rational and structured thinking process. Excellent communication skill in both Bahasa and English.Open to work in hybrid set-up, office location is in Sudirman. What's on OfferCompetitive remuneration package. Opportunities to scale Indonesian business, within dynamic ecosystem and strong financial backing. Contact: Adinda PrastantriQuote job ref: JN-042023-6010214"
https://www.linkedin.com/jobs/view/3742037054,linkedin,Frontend Engineer,Jakmall.com,,fulltime,2023-10-18,,,,,,0,,,"ResponsibilitiesWe are seeking a skilled Frontend Engineer to write clean, readable, and reusable code that covers CSS, JS, and HTML. You'll work collaboratively with the developer and product team to achieve our product goals.Write and develop program code that meets the requirements, with minimal bugs, and in accordance with industry best practices.Understanding of HTTP RequestsEnsure the UI/UX experience matches the product design.Debug production issues as they arise.Monitor and ensure the system developed is running as expected.Coordinate with the Product Manager to plan a sprint.Able to Peer-Review Code.RequirementsMinimum of 1 year of experience as a Frontend Developer, Software Engineer, or equivalent.Bachelor's Degree in Computer Science, Informatics Engineering, or related fields preferred.Experience with VueJS.Proficient with Git.Proficient with HTML, CSS, and Javascript/Typescript.Proficient with CSS preprocessors, especially Stylus.Strong attention to design.Good sense of UI/UX.Proficient in the following areas: BEM Concept, Docker, Nx dev tools, React.js, Next.js framework, Storybook, GraphQL.We're looking for someone who is passionate about frontend development, stays up-to-date with industry trends, and is committed to writing high-quality code. If you meet the above requirements and are eager to take on this exciting opportunity, we encourage you to apply."
https://www.linkedin.com/jobs/view/3716476116,linkedin,Engineering and Procurement Interface,VME,,fulltime,2023-09-19,,,,,,0,,,Company Description: PT VME Process is a module packaging services and fabrication company. Job Description:Engineering and Procurement Interface
https://www.linkedin.com/jobs/view/3744051911,linkedin,Full-Stack Developer,Turing,,fulltime,2023-10-17,,,,,,0,Be an early applicant,,"A Silicon Valley-based company, renowned for its innovative approach and dynamic work environment, is seeking a Full-Stack Developer. This company is at the forefront of technological advancements, consistently pushing boundaries and setting new industry standards. The Full-Stack Developer will play a pivotal role in developing and enhancing various applications, contributing to the company's mission of revolutionizing the tech industry.The Full-Stack Developer will be responsible for creating user-friendly interfaces, debugging and testing applications, and collaborating with a team of talented designers and engineers. The role offers an exciting opportunity to work in a fast-paced, challenging environment where innovation and creativity are highly valued.The company prides itself on its vibrant culture, which encourages continuous learning, collaboration, and innovation. It offers a supportive and inclusive work environment where every team member's contribution is valued.Job Responsibilities:Develop and maintain robust full-stack applications using React and Ruby on RailsCollaborate with cross-functional teams to define, design, and ship new featuresDebug, test, and improve application performanceEnsure the technical feasibility of UI/UX designsStay up-to-date with industry trends and technologies to ensure applications are current and competitiveContribute to the entire app lifecycle, from concept to delivery and post-launch supportJob Requirements:Bachelor’s/Master’s degree in Engineering, Computer Science (or equivalent experience)A minimum of 6-7 years of overall experience in software developmentAt least 2+ years of experience working with React and Ruby on RailsProven experience in developing and maintaining robust full-stack applicationsStrong understanding of software development life cycle (SDLC) and agile methodologiesExcellent problem-solving skills and attention to detailMust be fluent in English and possess strong communication skills"
https://www.linkedin.com/jobs/view/3758297589,linkedin,Full-Stack Developer,Turing,,fulltime,2023-11-05,,,,,,0,Be an early applicant,,"An esteemed Silicon Valley-based company, celebrated for its innovative culture and dynamic workplace ethos, is actively seeking a Full-Stack Developer. This company, perennially at the vanguard of technological advancements, persists in pushing boundaries and pioneering new benchmarks within the industry. The role of a full-stack developer within this organization is pivotal in shaping and enhancing diverse applications, thereby contributing to the overarching mission of industry transformation.The Full-Stack Developer holds responsibility for the development and maintenance of user-friendly interfaces. They are deeply involved in the process of debugging and testing applications while engaging collaboratively with a team comprising adept designers and engineers. This role offers an opportunity to work within a high-velocity, challenging environment where innovation and creativity are accorded the highest regard.The company is distinguished by its vibrant culture, where continuous learning, collaboration, and innovation thrive. It nurtures an inclusive work environment, replete with support and a value-driven ethos wherein every team member's contribution is treasured.Job Responsibilities:Forge and maintain robust full-stack applications, harnessing the capabilities of React and Ruby on RailsCollaborate seamlessly with cross-functional teams to ideate, structure, and execute novel featuresDedicate efforts to debugging, testing, and the enhancement of application performanceAssure the technical feasibility of UI/UX designsKeep vigil for the latest industry trends and technologies, and effect their integration to ensure the applications remain contemporaneous and competitiveContribute across the entire app lifecycle, from conceptualization through delivery and post-launch supportJob Requirements:Possess a Bachelor’s or Master’s degree in Engineering, Computer Science, or demonstrate an experience-based equivalentAccumulate a minimum of 6-7 years of encompassing experience within the realm of software developmentGarner a minimum of 1+ years of demonstrable experience in working with React and Ruby on RailsBolster your candidacy with a proven track record in the cultivation and sustenance of robust full-stack applicationsExhibit an innate understanding of the software development life cycle (SDLC) and the nuanced methodologies of agilitySpotlight an exemplary problem-solving faculty and a steadfast commitment to the intricaciesProficiency in English fluency and communication effectiveness"
https://www.linkedin.com/jobs/view/3743290930,linkedin,Senior UI/UX Designer,Cermati.com,,fulltime,2023-10-20,,,,,,0,,,"Company DescriptionCermati is a financial technology (fintech) startup based in Indonesia. Cermati simplifies the process of finding and applying for financial product by bringing everything online so people can shop around for financial products online and can apply online without having to physically visit a bank.Our team hailed from Silicon Valley Tech companies such as Google, Microsoft, LinkedIn and Sofi as well as Indonesian startups such as Doku, Touchten. We have graduates from well known universities such as Universitas Indonesia, ITB, Stanford, University of Washington, Cornell and many others. We are building a company with the same culture of openness, transparency, drive and meritocracy as Silicon Valley companies. Join us in our cause to build a world class fintech company in Indonesia.Job DescriptionPlan, think and design how user interact with our product (Start from wireframing into high fidelity mockup design) Design elements & assets based on thorough understanding of the users Create design accross multiples devices standard (Desktop, Android, iOS)QualificationsBachelor (S1) in computer science (Human Computer Interaction), graphic design or related fields. Pixel perfect Have at least 3 - 5 years Experience in UI/UX Designer related roleFamiliar using Figma, Sketch (Mac), Adobe Creative Suite (Ai, Ps, Xd), Zeplin, prototyping tools (Marvel/Invision) Good critical thinking Have a good design taste and keep up with newest design trends Have UI/UX portfolio Solid oral and written communication Preferred Qualifications (nice to have) : Has experience in setting up usability testing and analyzing data Has experience in creating mockup in HTML / CSSPreferably from Financial Technology Industry"
https://www.linkedin.com/jobs/view/3695206057,linkedin,Frontend Engineer (Flutter),NRI (Nomura Research Institute),,,2023-08-16,,,,,,,,,
https://www.linkedin.com/jobs/view/3751220926,linkedin,iOS Developer,Paramatech Indonesia,,contract,2023-11-06,,,,,,0,Be an early applicant,,"Requirements:Associate or Bachelor Degree from Informatics, System Information or related field.Having min 3 years experience as Mobile/iOS DeveloperProficient with Objective-C or SwiftFamiliarity with RESTful APIs to connect iOS applications to back-end servicesKnowledge of low-level C-based libraries is preferredKnowledge of other web technologies and UI/UX standardsUnderstanding of Apple’s design principles and interface guidelinesWilling to WFO/Onsite in Jakarta AreaWilling to work in Financial Service industry (Bank, Insurance, Finance)"
https://www.linkedin.com/jobs/view/3731565183,linkedin,Senior Android Engineer,Bjak,"Jakarta, Indonesia",fulltime,2023-10-11,,,,,,0,Actively Hiring,,"About UsBjak is focused on providing access to affordable and sustainable financial services for people in ASEAN. Headquartered in Malaysia, Bjak is the largest insurance portal in Southeast Asia. Our main portal, Bjak.com, helps millions find the insurance policy with the best value and highest coverage for them. Our investments in technology such as Custom API, blockchain, trading systems and data science is to enable easy access to financial services that were previously inaccessible or difficult to understand.Our core strengths are in navigating the most complex regulations and environments, creating some of the most innovative products in the world. For instance, we are the first platform globally to simplify and offer investment-linked life and health insurance online, coupled with an instant talk-to-agent service.If you enjoy building cutting edge platforms and ecosystems to give equal access to financial services for the masses - Speak to us.Senior Android EngineerWe are seeking a skilled and motivated Senior Engineer with expertise in Android development to join our dynamic technology team. As a Senior Engineer, you will contribute to the design, development, and optimization of our Android applications, ensuring high-quality user experiences and innovative features. You'll collaborate with cross-functional teams to drive our company's mobile technology initiatives and exceed customer expectations.Key Responsibilities:Create Android software components that are reusable and adaptable, enriching the mobile platform's capabilities.Collaborate closely with our product team to translate intricate requirements into sophisticated, user-centric Android applications.Collaborate closely with the Product, UX/UI, and Backend teams to conceive, construct, and extend novel products, platforms, and features catering to both consumers and partners.Harmonious UI/UX Collaboration: Forge a harmonious partnership with our design team to co-create visually refined and intuitive user interfaces, contributing insights into the technical feasibility of design concepts.Assess novel methodologies and technologies within the mobile sphere, including Machine Learning (ML), Artificial Intelligence (AI), and Augmented Reality (AR).Efficiently monitor the operational performance of live apps, and iteratively enhance both their code and experiential dimensions.Forge close alignment with the engineering team to explore and create innovative designs and architectures oriented toward scalability and optimal performance.Preferred:Experience in working with cross-platform development frameworks, such as React Native.A familiarity with Agile development methodologies, underpinned by a commitment to adaptable and iterative development practices.A history of contributing to open-source Android projects or involvement in pertinent technical communities.Key Requirements:Bachelor's degree in Computer Science, Software Engineering, or a related field (or equivalent experience).Proven experience as an Android Developer, with a strong portfolio showcasing your Android app development projects.Proficiency in Java and Kotlin programming languages, as well as experience with Android SDK and Android Studio.Familiarity with RESTful APIs, third-party libraries, and version control systems.Understanding of mobile UI/UX principles and experience working with designers to achieve seamless user experiences.Strong problem-solving skills and attention to detailBenefits:﻿o something meaningful; Be a part of the future of finance technology and the no.1 company in the industry!Competitive salaryHybrid working arrangementsFlexible working hours & arrangement, Casual work attireFast moving, challenging and unique business problemsAttractive remuneration and performance incentivesStrong learning and development plans for your career growthEasy to locate area with direct access to public transportInternational work environment and flat organization"
https://www.linkedin.com/jobs/view/3723372305,linkedin,Designer,Whizzup Indonesia,,fulltime,2023-09-26,,,,,,0,,,"SummaryElevate brands, shape perceptions. As a Designer at our group, you'll craft visuals that captivate and convert. Your creativity won't just be seen—it will be felt. Come redefine advertising with us.The Designer is responsible for creating visually compelling assets across multiple platforms including web, mobile, and print. The role demands a strong balance between creative flair and technical proficiency, as well as effective collaboration with cross-functional teams.Key QualificationsBachelor's degree in Graphic Design, Visual Communication, or related field.3-5 years of professional design experience.Mastery of Adobe Creative Suite, especially Photoshop, Illustrator, and InDesign.Strong portfolio demonstrating versatility in both digital and print media.Excellent communication skills, both verbal and written.Ability to meet deadlines and manage multiple projects simultaneously.Attention to detail and strong problem-solving abilities.ResponsibilitiesDesign and produce a wide range of assets, including but not limited to: website visuals, mobile app interfaces, social media graphics, email campaigns, print collateral like brochures and banners, and company branding.Interpret and execute creative briefs provided by marketing, sales, or product teams.Ensure all designs adhere to brand guidelines and are consistent across all platforms.Review and revise designs based on feedback from stakeholders.Collaborate with content writers, developers, and other team members to achieve the best possible results.Attend team meetings to discuss project updates, timelines, and deliverables.Stay updated on industry trends, tools, and software to keep skill set current.SkillsHigh-level proficiency in Adobe Creative Suite.Working knowledge of HTML/CSS is a plus.Familiarity with UI/UX principles.Strong typographic and layout skills.Good understanding of color theory and its application in design.Ability to adapt style to fit a variety of target audiences.Education & ExperienceBachelor’s degree in Graphic Design, Visual Arts, or a related field is required.Minimum of 3-5 years of professional experience in graphic design.Proven track record in designing for various media types including digital, print, and social media.Prior experience in an agency or in-house creative department is a plus.To ApplySubmit a cover letter, resume, and portfolio showcasing your most relevant work.LocationThis position is located in East Jakarta and is onsite four-days a week. We require all employees to be fully vaccinated against Covid with a primary series and booster.JJ Group is an Equal Opportunity Employer that is committed to inclusion and diversity. We also take affirmative action to offer employment and advancement opportunities to all applicants, including minorities, women, and individuals with disabilities."
https://www.linkedin.com/jobs/view/3667176175,linkedin,Senior Product Manager (Biller Aggregator),byOrange,,,2023-06-22,,,,,,,,,
https://www.linkedin.com/jobs/view/3731576335,linkedin,Mobile Application Developer - Jogja,PT. Varnion Technology Semesta,,fulltime,2023-10-11,,,,,,0,Actively Hiring,,"Company Description: Job Description: Develop high-quality, maintainable, and efficient Flutter applications for both iOS and Android platforms. Collaborate with designers to translate UI/UX design wireframes into functional Flutter applications. Integrate with backend services and APIs to deliver end-to-end app functionality. Implement state management solutions such as Provider or Bloc to handle application state. Optimize app performance and responsiveness for various device sizes and orientations. Troubleshoot and debug issues, and provide timely solutions to address bugs and glitches. Stay up-to-date with the latest Flutter and mobile app development trends, techniques, and technologies. Participate in code reviews to maintain code quality, readability, and best practices. Work closely with the product team to gather requirements and provide technical input during the planning phase."
https://www.linkedin.com/jobs/view/3744095781,linkedin,Low-code Developer Freelance,DOT Indonesia,,,2023-10-21,,,,,,,Actively Hiring,,
https://www.linkedin.com/jobs/view/3637012623,linkedin,Senior Software Quality Assurance,Cermati.com,,fulltime,2023-10-22,,,,,,0,,,"Company DescriptionCermati is a financial technology (fintech) startup based in Indonesia. Cermati simplifies the process of finding and applying for financial product by bringing everything online so people can shop around for financial products online and can apply online without having to physically visit a bank.Our team hailed from Silicon Valley Tech companies such as Google, Microsoft, LinkedIn and Sofi as well as Indonesian startups such as Doku, Touchten. We have graduates from well known universities such as Universitas Indonesia, ITB, Stanford, University of Washington, Cornell and many others. We are building a company with the same culture of openness, transparency, drive and meritocracy as Silicon Valley companies. Join us in our cause to build a world class fintech company in Indonesia.Job DescriptionCreate detailed, comprehensive and well-structured test plans and test cases which can be leveraged by all teams including the Automation team.Perform all types of testing to ensure overall quality of the Product for better customer satisfaction like user interface testing, functionality testing, performance testing, regression testing, integration testing, etc.Create & manage bug reports and communicate with the teamCollaborate with Engineering, UI/UX, Infrastructure and Product Management teams.Support the team by acting as project PIC and report the consolidated status to the QA Lead/Manager.Help train and mentor new team members.Be an active part of analysis, design and planning activities.Be an enthusiastic advocate for good Agile practices.Eager to learn and grow as a professional.QualificationsBachelor's degree in Computer Science or Information Systems or other similar fieldsMinimum 3 years experience in Quality Assurance (Manual or automation)Experience in team training and mentoring.Experience in working with Web as well as Mobile applications (iOS & Android)Experience in API testing using tools like Postman, Jmeter, SoapUI, etc.Experience related to HTTP debugging on web and mobile based applications (iOS & Android) using Developer tools/console.High level of comfort in using SQL for in-depth data testing.Experience in using test case and bug management tools like Phabricator, Test Rail, etc.Experience in working in Agile process methodology.Good interpersonal and communication skills. Should be comfortable with written and spoken English.Good analytical and problem-solving skills.Able to work independently or with limited assistance.Fin-Tech domain knowledge. Working experience with Financial Services products is a plus but not mandatory.Experience in programming languages like NodeJS, Java, Python, Ruby, etc is a plus but not mandatory.Experience in Automation Testing using frameworks like Appium, Selenium, TestNG, Cucumber, TestCafe, NightwatchJS, etc. is a plus but not mandatory.Experience in CI/CD process using Jenkins, Gitlab, etc. is a plus but not mandatory."
https://www.linkedin.com/jobs/view/3745973218,linkedin,Product Manager - Consumer Lending,GoTo Financial,,,2023-10-25,,,,,,,,,
https://www.linkedin.com/jobs/view/3729433484,linkedin,Advanced Application Engineering Specialist,Accenture Southeast Asia,,,2023-09-22,,,,,,,Be an early applicant,,
https://www.linkedin.com/jobs/view/3683622995,linkedin,Academic Instructor (UI/UX),Alterra Indonesia,,contract,2023-07-13,,,,,,0,,,"Alterra is looking for an Academic Instructor to join our team. This role is responsible as coding instructor’s concern in academic process based on academic needs analyze, curriculum design, implement learning process and evaluating learning process.Responsibility:Research and Curriculum AnalysisAnalyze Tech Industry needed according to Tech Talent which is searching for new program developmentSurvey based on quantitative and qualitative methods, interviewing directly.Make a report or summary through research and analysis to get conclusion for developing new programCurriculum Development and Learning MaterialsDevelops new program prior based on market needs: Online, remote and offline class to generate high quality Tech TalentDevelops new program prior based on market needs: Online, remote and offline class to generate high quality and variety Tech TalentDevelops learning materials (material topics) based on curriculum that is already implemented in class.Develops evaluation tolls as a measurement of learning successIn Class ActivitiesBeing a mentor while learning process to transfer knowledge through the menteesGive directions through the mentees for the tasks given be resolved effectivelyGives direction through the mentees either in class or doing the tasks in order to get optimal scoreConducts a mentoring prior recruitment process: Coding Test and Interview Test in order to get high quality mentees and raise the reputation of the companyUpgrades Academic Quality Sustainably (Process and Outcomes)Provides final learning report mentees while in class as an evaluation measurement in order to upgrade learning processImprovement materials sustainably in order to make sure the get updated knowledge for menteesImproves evaluation tools sustainably to create high quality graduatesImproves graduates quality by improving mentoring/learning process in order to make graduates being employed in high reputation companies.Requirements:Bachelor degree (S1) preferred Software Engineer/Computer Science GraduatesMin. 1,5 years Experiencing in UI/UXExperiencing as a facilitator or technology seminar is a plus.Having knowledge and experiencing in pedagogy and teaching."
https://www.linkedin.com/jobs/view/3759208408,linkedin,Product Manager,"DOKU, PT NUSA SATU INTI ARTHA","Jakarta, Indonesia",fulltime,2023-11-06,,,,,,0,,,"About The Role This position is responsible for faster analysis and decision-making for product initiatives and operational perspective within the company, capable of deep and broad discussions with other departments about building profitable business unitWhat Will You DoResearch, analyze, and propose new ideas that will improve our products and customer experiences. To set a middle to long-term vision and strategy for the Company's products. Lead key product initiatives and act as a coach/ role model for more product managers and associate product managers. Analyze market trends to maintain and grow the competitiveness of our products. Accountability of your product roadmap, prioritization, and overseeing overall product development process and execution including but not limited to cascading down detailed features, requirements, and design prototypes. Collaborates closely with the engineers, sales, operations, and cross-functional stakeholders internally and externally to execute prioritized roadmap and ensure on-time delivery with the highest quality and performance. Collaborated with engineers and other internal stakeholders for any new products and enhancements. Prioritize tasks based on timeline, resources, and business impact. Creating an inspirational environment with an open communication culture. Manage external business relations with third-party vendors.What Are We Looking For Experienced in Product Management Fluent in English (written and verbal) is mandatory T-shaped personality, a good understanding of technology, business, UI/UX, and data, with a strong understanding in one of those areas Data-driven, excellent analytical, and problem-solving skills Being familiar with the Agile manifesto and principles and havinge experience in Scrum methodology Having experience in Banking/Financial Services is a plusSoft SkillsExcellent teamwork skills to work with cross-function teams and lead the team toward the same vision and goal. Excellent written and verbal communication skills Have good negotiation skills Have good analytical thinking, Leadership Skill Self Driven Eager to Learn Adaptable"
https://www.linkedin.com/jobs/view/3752392853,linkedin,Mobile Engineer,Sprout Digital Labs,,fulltime,,,,,,,0,Be an early applicant,,"Requirement Bachelor’s degree in computer science or information technology from a reputable university Minimum GPA/IPK of 3.0 Minimum of 2 years’ professional experience in mobile app development (Android and/or iOS) Minimum of 1 year practical experience in mobile app development using Flutter framework Practical knowledge of converting UI/UX designs into codes Technical expertise and hands-on experience in state management, Firebase implementation, and online payment integration Existing portfolio: minimum of 1 published mobile app on Apple App Store, Google Play Store, or GitHub English competency Excellent logical reasoning and problem-solving skills Job Description: Design and build advanced applications for the Mobile platform. Building reusable components for future use. Developing new user-facing features using Flutter. Translating designs and wireframes into high quality code. Optimizing components for maximum performance across mobile devices. Work on bug fixing and improving application performance. Work with outside data source with APIs."
